,default_chances,D,Greenspace,S_urban_cluster,S_green,entropy,chi2_statistic,p_value,world
0,[0. 0. 0. 0. 0. 0. 0. 0. 0. 0. 0. 0. 0.],0.0,0.9999,1,9999,0.0010210290370309323,9996.0004,0.0,"[[0. 0. 0. ... 0. 0. 0.]
 [0. 0. 0. ... 0. 0. 0.]
 [0. 0. 0. ... 0. 0. 0.]
 ...
 [0. 0. 0. ... 0. 0. 0.]
 [0. 0. 0. ... 0. 0. 0.]
 [0. 0. 0. ... 0. 0. 0.]]"
1,[0.  0.  0.  0.1 0.  0.  0.  0.  0.  0.  0.  0.  0. ],0.0,0.9999,1,9999,0.0010210290370309323,9996.0004,0.0,"[[0. 0. 0. ... 0. 0. 0.]
 [0. 0. 0. ... 0. 0. 0.]
 [0. 0. 0. ... 0. 0. 0.]
 ...
 [0. 0. 0. ... 0. 0. 0.]
 [0. 0. 0. ... 0. 0. 0.]
 [0. 0. 0. ... 0. 0. 0.]]"
2,[0. 0. 0. 1. 0. 0. 0. 0. 0. 0. 0. 0. 0.],0.0,0.9999,1,9999,0.0010210290370309323,9996.0004,0.0,"[[0. 0. 0. ... 0. 0. 0.]
 [0. 0. 0. ... 0. 0. 0.]
 [0. 0. 0. ... 0. 0. 0.]
 ...
 [0. 0. 0. ... 0. 0. 0.]
 [0. 0. 0. ... 0. 0. 0.]
 [0. 0. 0. ... 0. 0. 0.]]"
3,[0.  0.  0.1 0.  0.  0.  0.  0.  0.  0.  0.  0.  0. ],0.0,0.9999,1,9999,0.0010210290370309323,9996.0004,0.0,"[[0. 0. 0. ... 0. 0. 0.]
 [0. 0. 0. ... 0. 0. 0.]
 [0. 0. 0. ... 0. 0. 0.]
 ...
 [0. 0. 0. ... 0. 0. 0.]
 [0. 0. 0. ... 0. 0. 0.]
 [0. 0. 0. ... 0. 0. 0.]]"
4,[0.  0.  0.1 0.1 0.  0.  0.  0.  0.  0.  0.  0.  0. ],0.0,0.9999,1,9999,0.0010210290370309323,9996.0004,0.0,"[[0. 0. 0. ... 0. 0. 0.]
 [0. 0. 0. ... 0. 0. 0.]
 [0. 0. 0. ... 0. 0. 0.]
 ...
 [0. 0. 0. ... 0. 0. 0.]
 [0. 0. 0. ... 0. 0. 0.]
 [0. 0. 0. ... 0. 0. 0.]]"
5,[0.  0.  0.1 1.  0.  0.  0.  0.  0.  0.  0.  0.  0. ],0.0,0.9999,1,9999,0.0010210290370309323,9996.0004,0.0,"[[0. 0. 0. ... 0. 0. 0.]
 [0. 0. 0. ... 0. 0. 0.]
 [0. 0. 0. ... 0. 0. 0.]
 ...
 [0. 0. 0. ... 0. 0. 0.]
 [0. 0. 0. ... 0. 0. 0.]
 [0. 0. 0. ... 0. 0. 0.]]"
6,[0. 0. 1. 0. 0. 0. 0. 0. 0. 0. 0. 0. 0.],0.0,0.9999,1,9999,0.0010210290370309323,9996.0004,0.0,"[[0. 0. 0. ... 0. 0. 0.]
 [0. 0. 0. ... 0. 0. 0.]
 [0. 0. 0. ... 0. 0. 0.]
 ...
 [0. 0. 0. ... 0. 0. 0.]
 [0. 0. 0. ... 0. 0. 0.]
 [0. 0. 0. ... 0. 0. 0.]]"
7,[0.  0.  1.  0.1 0.  0.  0.  0.  0.  0.  0.  0.  0. ],0.0,0.9999,1,9999,0.0010210290370309323,9996.0004,0.0,"[[0. 0. 0. ... 0. 0. 0.]
 [0. 0. 0. ... 0. 0. 0.]
 [0. 0. 0. ... 0. 0. 0.]
 ...
 [0. 0. 0. ... 0. 0. 0.]
 [0. 0. 0. ... 0. 0. 0.]
 [0. 0. 0. ... 0. 0. 0.]]"
8,[0. 0. 1. 1. 0. 0. 0. 0. 0. 0. 0. 0. 0.],0.0,0.9999,1,9999,0.0010210290370309323,9996.0004,0.0,"[[0. 0. 0. ... 0. 0. 0.]
 [0. 0. 0. ... 0. 0. 0.]
 [0. 0. 0. ... 0. 0. 0.]
 ...
 [0. 0. 0. ... 0. 0. 0.]
 [0. 0. 0. ... 0. 0. 0.]
 [0. 0. 0. ... 0. 0. 0.]]"
9,[0.  0.1 0.  0.  0.  0.  0.  0.  0.  0.  0.  0.  0. ],-1.718725257942443,0.8394,4,8394,0.4406634783141713,4607.6944,0.0,"[[0. 1. 0. ... 0. 0. 0.]
 [0. 0. 0. ... 0. 0. 0.]
 [1. 0. 0. ... 0. 1. 1.]
 ...
 [0. 1. 0. ... 0. 0. 1.]
 [0. 0. 0. ... 0. 0. 0.]
 [1. 0. 0. ... 0. 0. 0.]]"
10,[0.  0.1 0.  0.1 0.  0.  0.  0.  0.  0.  0.  0.  0. ],-1.8037514404687047,0.7433,9,7413,0.5695768422282503,2367.7956,0.0,"[[1. 1. 0. ... 1. 0. 1.]
 [1. 0. 0. ... 0. 0. 1.]
 [0. 0. 0. ... 0. 0. 0.]
 ...
 [1. 0. 0. ... 0. 0. 0.]
 [1. 0. 1. ... 0. 0. 1.]
 [1. 0. 0. ... 0. 1. 1.]]"
11,[0.  0.1 0.  1.  0.  0.  0.  0.  0.  0.  0.  0.  0. ],-1.8686154304801712,0.6199,28,5015,0.6641130601649494,575.0404,4.4967899422470075e-127,"[[1. 1. 0. ... 0. 0. 1.]
 [1. 0. 0. ... 1. 0. 1.]
 [0. 1. 0. ... 0. 1. 0.]
 ...
 [1. 0. 0. ... 0. 0. 0.]
 [1. 0. 1. ... 1. 0. 1.]
 [1. 0. 0. ... 1. 1. 0.]]"
12,[0.  0.1 0.1 0.  0.  0.  0.  0.  0.  0.  0.  0.  0. ],-1.7724738275185048,0.7845,7,7842,0.5211531671056606,3237.61,0.0,"[[0. 0. 1. ... 1. 0. 1.]
 [0. 0. 1. ... 0. 1. 0.]
 [0. 1. 0. ... 0. 0. 0.]
 ...
 [0. 1. 0. ... 0. 0. 0.]
 [0. 0. 0. ... 1. 0. 0.]
 [0. 1. 1. ... 1. 1. 0.]]"
13,[0.  0.1 0.1 0.1 0.  0.  0.  0.  0.  0.  0.  0.  0. ],-1.8060154339401928,0.7391,8,7349,0.5739961854137006,2286.7524,0.0,"[[1. 1. 1. ... 1. 0. 1.]
 [0. 0. 0. ... 1. 1. 0.]
 [0. 0. 0. ... 0. 0. 0.]
 ...
 [1. 1. 0. ... 0. 0. 1.]
 [0. 0. 1. ... 0. 1. 0.]
 [1. 0. 0. ... 0. 1. 1.]]"
14,[0.  0.1 0.1 1.  0.  0.  0.  0.  0.  0.  0.  0.  0. ],-1.8699966721042276,0.6182,21,4621,0.6649384414916728,558.8496,1.495788418252201e-123,"[[1. 0. 1. ... 0. 0. 1.]
 [1. 0. 1. ... 1. 0. 1.]
 [0. 1. 0. ... 0. 1. 0.]
 ...
 [1. 0. 0. ... 1. 0. 0.]
 [0. 1. 1. ... 1. 1. 0.]
 [0. 1. 0. ... 1. 0. 0.]]"
15,[0.  0.1 1.  0.  0.  0.  0.  0.  0.  0.  0.  0.  0. ],-1.8484650935755318,0.6538,30,6279,0.6450625002979449,946.1776,8.987536097966562e-208,"[[1. 0. 0. ... 1. 1. 1.]
 [0. 0. 1. ... 0. 1. 1.]
 [0. 1. 0. ... 0. 0. 0.]
 ...
 [0. 0. 1. ... 1. 0. 0.]
 [1. 0. 0. ... 1. 0. 0.]
 [0. 1. 1. ... 1. 0. 0.]]"
16,[0.  0.1 1.  0.1 0.  0.  0.  0.  0.  0.  0.  0.  0. ],-1.855019153107841,0.6399,40,6130,0.6534757095076822,782.8804,2.8459057778890003e-172,"[[0. 1. 1. ... 0. 1. 1.]
 [1. 0. 0. ... 1. 1. 1.]
 [1. 0. 1. ... 1. 0. 0.]
 ...
 [0. 1. 1. ... 0. 1. 0.]
 [1. 0. 0. ... 0. 1. 0.]
 [1. 0. 0. ... 1. 0. 1.]]"
17,[0.  0.1 1.  1.  0.  0.  0.  0.  0.  0.  0.  0.  0. ],-1.9011812361371052,0.5302,111,3133,0.6913219898490388,36.4816,1.541142276708493e-09,"[[1. 0. 0. ... 1. 0. 0.]
 [0. 0. 1. ... 0. 1. 0.]
 [0. 1. 1. ... 0. 1. 1.]
 ...
 [0. 1. 0. ... 0. 1. 0.]
 [0. 0. 1. ... 1. 0. 1.]
 [1. 0. 1. ... 0. 1. 1.]]"
18,[0. 1. 0. 0. 0. 0. 0. 0. 0. 0. 0. 0. 0.],-1.8121121602865045,0.6562,25,6562,0.6435238788365389,975.9376,3.0523054156104357e-214,"[[1. 1. 1. ... 1. 1. 1.]
 [1. 1. 1. ... 1. 1. 1.]
 [1. 1. 1. ... 0. 1. 1.]
 ...
 [1. 1. 0. ... 0. 0. 1.]
 [1. 1. 1. ... 0. 1. 1.]
 [1. 1. 1. ... 1. 1. 1.]]"
19,[0.  1.  0.  0.1 0.  0.  0.  0.  0.  0.  0.  0.  0. ],-1.8417760595333432,0.6273,25,6270,0.6603770446071761,648.2116,5.470836617821229e-143,"[[1. 1. 1. ... 1. 1. 1.]
 [1. 1. 1. ... 1. 1. 1.]
 [0. 0. 1. ... 0. 1. 1.]
 ...
 [1. 1. 0. ... 0. 0. 1.]
 [1. 1. 1. ... 0. 1. 1.]
 [1. 1. 1. ... 1. 1. 1.]]"
20,[0. 1. 0. 1. 0. 0. 0. 0. 0. 0. 0. 0. 0.],-1.8674124542199857,0.5934,25,5926,0.675597149914378,348.9424,7.20191464202738e-78,"[[1. 1. 1. ... 1. 1. 1.]
 [1. 1. 1. ... 1. 1. 1.]
 [1. 1. 1. ... 1. 1. 1.]
 ...
 [1. 1. 1. ... 0. 1. 1.]
 [1. 1. 1. ... 1. 1. 1.]
 [1. 1. 1. ... 1. 1. 1.]]"
21,[0.  1.  0.1 0.  0.  0.  0.  0.  0.  0.  0.  0.  0. ],-1.822246826045272,0.6798,33,6781,0.6270201200312697,1293.1216,3.5318115348377997e-283,"[[1. 1. 1. ... 0. 0. 0.]
 [1. 1. 1. ... 0. 0. 0.]
 [1. 1. 1. ... 1. 1. 1.]
 ...
 [0. 0. 1. ... 1. 1. 0.]
 [0. 0. 1. ... 1. 1. 0.]
 [0. 0. 1. ... 0. 0. 0.]]"
22,[0.  1.  0.1 0.1 0.  0.  0.  0.  0.  0.  0.  0.  0. ],-1.8366337201801293,0.6649,28,6638,0.6377317119924177,1087.6804,1.5721469648881934e-238,"[[1. 1. 1. ... 0. 1. 0.]
 [0. 0. 0. ... 0. 0. 0.]
 [0. 0. 1. ... 1. 1. 0.]
 ...
 [0. 0. 1. ... 0. 0. 1.]
 [0. 0. 1. ... 1. 1. 0.]
 [1. 0. 0. ... 0. 1. 0.]]"
23,[0.  1.  0.1 1.  0.  0.  0.  0.  0.  0.  0.  0.  0. ],-1.8753049315124808,0.5887,32,5755,0.6773282096680718,314.7076,2.05935017180883e-70,"[[1. 1. 1. ... 1. 1. 1.]
 [1. 1. 0. ... 0. 0. 0.]
 [1. 1. 1. ... 1. 1. 0.]
 ...
 [1. 0. 0. ... 1. 1. 0.]
 [1. 0. 1. ... 1. 1. 0.]
 [1. 1. 1. ... 0. 0. 0.]]"
24,[0. 1. 1. 0. 0. 0. 0. 0. 0. 0. 0. 0. 0.],-1.842737828512901,0.6558,25,6558,0.6437820865055052,970.9456,3.7131142639603066e-213,"[[1. 1. 1. ... 1. 1. 1.]
 [1. 0. 0. ... 0. 0. 0.]
 [1. 0. 1. ... 1. 1. 0.]
 ...
 [1. 0. 1. ... 0. 1. 0.]
 [1. 0. 1. ... 1. 1. 0.]
 [1. 0. 0. ... 0. 0. 0.]]"
25,[0.  1.  1.  0.1 0.  0.  0.  0.  0.  0.  0.  0.  0. ],-1.8567970340709261,0.6251,33,6216,0.6615121342615133,626.0004,3.7042650139894207e-138,"[[1. 1. 0. ... 0. 0. 1.]
 [1. 0. 0. ... 0. 0. 0.]
 [1. 0. 1. ... 1. 1. 0.]
 ...
 [0. 0. 1. ... 1. 1. 0.]
 [0. 0. 1. ... 1. 1. 0.]
 [1. 1. 0. ... 0. 0. 0.]]"
26,[0. 1. 1. 1. 0. 0. 0. 0. 0. 0. 0. 0. 0.],-1.8799958552280707,0.5638,64,4982,0.6849840641089502,162.8176,2.7420108417428573e-37,"[[1. 1. 1. ... 1. 1. 1.]
 [1. 1. 0. ... 0. 0. 1.]
 [1. 0. 1. ... 1. 1. 0.]
 ...
 [1. 0. 1. ... 0. 1. 0.]
 [1. 0. 1. ... 1. 1. 0.]
 [1. 1. 0. ... 0. 0. 1.]]"
27,[0.1 0.  0.  0.  0.  0.  0.  0.  0.  0.  0.  0.  0. ],-1.653604342120552,0.882,6,8819,0.3629210998971987,5836.96,0.0,"[[1. 1. 1. ... 0. 1. 0.]
 [0. 0. 0. ... 0. 0. 0.]
 [0. 0. 0. ... 0. 1. 0.]
 ...
 [0. 0. 0. ... 0. 0. 0.]
 [0. 0. 0. ... 1. 0. 0.]
 [0. 0. 1. ... 0. 0. 0.]]"
28,[0.1 0.  0.  0.1 0.  0.  0.  0.  0.  0.  0.  0.  0. ],-1.8004005387021205,0.7478,6,7458,0.5647392100979991,2456.1936,0.0,"[[1. 1. 1. ... 1. 1. 1.]
 [1. 0. 0. ... 1. 0. 0.]
 [0. 0. 0. ... 0. 0. 0.]
 ...
 [1. 0. 0. ... 1. 0. 0.]
 [1. 1. 0. ... 1. 0. 1.]
 [0. 1. 1. ... 0. 1. 0.]]"
29,[0.1 0.  0.  1.  0.  0.  0.  0.  0.  0.  0.  0.  0. ],-1.865214132159685,0.6135,50,5699,0.6671567199328996,515.29,4.479954973654066e-114,"[[1. 0. 0. ... 0. 0. 1.]
 [0. 1. 1. ... 1. 0. 0.]
 [1. 0. 0. ... 1. 1. 0.]
 ...
 [1. 0. 0. ... 0. 1. 0.]
 [1. 0. 0. ... 0. 0. 0.]
 [1. 1. 1. ... 1. 1. 1.]]"
30,[0.1 0.  0.1 0.  0.  0.  0.  0.  0.  0.  0.  0.  0. ],-1.7601485222646984,0.796,8,7953,0.505897848305788,3504.64,0.0,"[[1. 0. 0. ... 0. 1. 1.]
 [0. 1. 0. ... 0. 0. 0.]
 [0. 0. 1. ... 0. 0. 1.]
 ...
 [0. 0. 1. ... 0. 0. 1.]
 [0. 0. 0. ... 0. 0. 0.]
 [1. 1. 0. ... 0. 0. 0.]]"
31,[0.1 0.  0.1 0.1 0.  0.  0.  0.  0.  0.  0.  0.  0. ],-1.7955415122881793,0.7504,7,7468,0.561895272884829,2508.0064,0.0,"[[1. 0. 0. ... 1. 1. 0.]
 [0. 1. 0. ... 0. 0. 1.]
 [1. 0. 0. ... 0. 1. 0.]
 ...
 [1. 0. 0. ... 0. 0. 0.]
 [0. 1. 1. ... 0. 0. 1.]
 [0. 1. 0. ... 0. 0. 1.]]"
32,[0.1 0.  0.1 1.  0.  0.  0.  0.  0.  0.  0.  0.  0. ],-1.8674776589666713,0.6067,101,5340,0.6702013524761599,455.3956,4.829465636059143e-101,"[[1. 0. 1. ... 0. 1. 0.]
 [0. 0. 1. ... 1. 0. 1.]
 [0. 1. 0. ... 0. 0. 1.]
 ...
 [1. 1. 0. ... 1. 1. 0.]
 [1. 1. 0. ... 0. 0. 0.]
 [0. 0. 0. ... 1. 0. 1.]]"
33,[0.1 0.  1.  0.  0.  0.  0.  0.  0.  0.  0.  0.  0. ],-1.8502682321834514,0.641,53,5970,0.6528406596286955,795.24,5.847559473599328e-175,"[[1. 0. 1. ... 0. 0. 1.]
 [0. 0. 0. ... 0. 0. 0.]
 [0. 0. 0. ... 1. 1. 1.]
 ...
 [1. 0. 1. ... 1. 1. 1.]
 [1. 0. 0. ... 1. 1. 1.]
 [1. 0. 0. ... 1. 1. 1.]]"
34,[0.1 0.  1.  0.1 0.  0.  0.  0.  0.  0.  0.  0.  0. ],-1.8608395509514613,0.6217,54,5802,0.6632257577482605,592.4356,7.398326745299634e-131,"[[0. 1. 1. ... 1. 1. 1.]
 [0. 0. 1. ... 0. 0. 1.]
 [0. 1. 0. ... 0. 0. 1.]
 ...
 [0. 0. 1. ... 0. 0. 1.]
 [1. 1. 0. ... 0. 0. 1.]
 [1. 1. 1. ... 1. 1. 1.]]"
35,[0.1 0.  1.  1.  0.  0.  0.  0.  0.  0.  0.  0.  0. ],-1.9180375315735658,0.4373,2306,697,0.6852638631182064,157.2516,4.509955509164549e-36,"[[1. 0. 0. ... 1. 1. 0.]
 [1. 1. 1. ... 1. 1. 0.]
 [0. 0. 0. ... 0. 1. 1.]
 ...
 [0. 1. 1. ... 0. 0. 1.]
 [1. 1. 1. ... 0. 1. 0.]
 [0. 1. 1. ... 1. 1. 0.]]"
36,[0.1 0.1 0.  0.  0.  0.  0.  0.  0.  0.  0.  0.  0. ],-1.7108423062853586,0.8429,6,8429,0.43482957629034696,4703.2164,0.0,"[[0. 0. 0. ... 0. 1. 0.]
 [0. 0. 1. ... 0. 0. 0.]
 [0. 0. 1. ... 1. 1. 0.]
 ...
 [0. 0. 0. ... 0. 0. 1.]
 [0. 0. 0. ... 0. 1. 0.]
 [0. 1. 1. ... 0. 0. 0.]]"
37,[0.1 0.1 0.  0.1 0.  0.  0.  0.  0.  0.  0.  0.  0. ],-1.796365437963077,0.7521,9,7487,0.5600162767525212,2542.1764,0.0,"[[0. 1. 1. ... 0. 0. 1.]
 [0. 1. 0. ... 1. 0. 1.]
 [1. 0. 0. ... 0. 0. 1.]
 ...
 [1. 0. 0. ... 1. 1. 0.]
 [1. 0. 0. ... 1. 0. 0.]
 [0. 0. 0. ... 0. 1. 0.]]"
38,[0.1 0.1 0.  1.  0.  0.  0.  0.  0.  0.  0.  0.  0. ],-1.863441731920843,0.6174,60,5363,0.6653226181807635,551.3104,6.530185106745951e-122,"[[1. 1. 1. ... 1. 0. 1.]
 [1. 0. 1. ... 1. 0. 0.]
 [0. 0. 0. ... 0. 0. 1.]
 ...
 [1. 1. 1. ... 0. 0. 0.]
 [1. 1. 1. ... 0. 0. 0.]
 [1. 1. 1. ... 0. 1. 1.]]"
39,[0.1 0.1 0.1 0.  0.  0.  0.  0.  0.  0.  0.  0.  0. ],-1.7588527968525742,0.798,7,7978,0.5031625433421463,3552.16,0.0,"[[1. 1. 0. ... 0. 1. 1.]
 [0. 0. 1. ... 0. 0. 0.]
 [0. 0. 1. ... 0. 1. 0.]
 ...
 [0. 0. 0. ... 1. 0. 0.]
 [0. 0. 0. ... 0. 0. 1.]
 [1. 0. 1. ... 0. 0. 0.]]"
40,[0.1 0.1 0.1 0.1 0.  0.  0.  0.  0.  0.  0.  0.  0. ],-1.7951814913559132,0.7524,7,7500,0.5596830821734909,2548.2304,0.0,"[[1. 0. 0. ... 0. 0. 1.]
 [1. 0. 0. ... 0. 0. 1.]
 [1. 1. 0. ... 0. 0. 1.]
 ...
 [0. 1. 1. ... 1. 0. 0.]
 [0. 1. 0. ... 0. 0. 0.]
 [0. 0. 1. ... 1. 0. 1.]]"
41,[0.1 0.1 0.1 1.  0.  0.  0.  0.  0.  0.  0.  0.  0. ],-1.866678403763138,0.6096,56,5581,0.6689266755046985,480.4864,1.6745735527080857e-106,"[[1. 1. 0. ... 0. 0. 1.]
 [0. 0. 0. ... 0. 1. 0.]
 [0. 1. 1. ... 0. 0. 1.]
 ...
 [1. 1. 1. ... 0. 0. 1.]
 [1. 1. 1. ... 0. 1. 0.]
 [1. 1. 1. ... 0. 0. 1.]]"
42,[0.1 0.1 1.  0.  0.  0.  0.  0.  0.  0.  0.  0.  0. ],-1.8597014508303913,0.6182,63,5545,0.6649384414916728,558.8496,1.495788418252201e-123,"[[0. 0. 1. ... 0. 0. 0.]
 [0. 1. 0. ... 1. 0. 0.]
 [1. 0. 0. ... 0. 1. 1.]
 ...
 [1. 0. 0. ... 1. 0. 1.]
 [1. 0. 0. ... 0. 0. 1.]
 [1. 0. 0. ... 1. 1. 1.]]"
43,[0.1 0.1 1.  0.1 0.  0.  0.  0.  0.  0.  0.  0.  0. ],-1.8706183644747127,0.5926,75,4395,0.6758982549533419,342.9904,1.4243704171701447e-76,"[[0. 0. 0. ... 1. 0. 0.]
 [1. 1. 1. ... 0. 1. 1.]
 [0. 1. 0. ... 0. 1. 1.]
 ...
 [0. 0. 0. ... 1. 0. 0.]
 [1. 1. 0. ... 1. 0. 0.]
 [1. 0. 1. ... 1. 1. 0.]]"
44,[0.1 0.1 1.  1.  0.  0.  0.  0.  0.  0.  0.  0.  0. ],-1.925092966406421,0.4118,3630,221,0.6775069904047339,311.1696,1.2146096518734042e-69,"[[1. 1. 1. ... 0. 0. 0.]
 [1. 1. 1. ... 1. 1. 0.]
 [1. 1. 1. ... 1. 1. 0.]
 ...
 [1. 1. 1. ... 1. 1. 1.]
 [0. 1. 1. ... 1. 1. 1.]
 [0. 0. 0. ... 1. 1. 1.]]"
45,[0.1 1.  0.  0.  0.  0.  0.  0.  0.  0.  0.  0.  0. ],-1.8232099426471706,0.6874,106,6609,0.621165197019908,1404.7504,1.9505553587591033e-307,"[[0. 1. 0. ... 1. 1. 0.]
 [0. 1. 0. ... 0. 0. 0.]
 [0. 1. 0. ... 0. 0. 0.]
 ...
 [1. 0. 0. ... 0. 0. 1.]
 [1. 0. 0. ... 0. 1. 1.]
 [1. 0. 1. ... 0. 0. 1.]]"
46,[0.1 1.  0.  0.1 0.  0.  0.  0.  0.  0.  0.  0.  0. ],-1.8437523859450182,0.6564,101,6161,0.6433945090709663,978.4384,8.730348483459185e-215,"[[1. 0. 1. ... 0. 1. 1.]
 [1. 0. 1. ... 0. 1. 1.]
 [0. 0. 0. ... 0. 1. 1.]
 ...
 [0. 0. 0. ... 0. 0. 1.]
 [1. 0. 0. ... 1. 1. 1.]
 [1. 0. 1. ... 1. 1. 1.]]"
47,[0.1 1.  0.  1.  0.  0.  0.  0.  0.  0.  0.  0.  0. ],-1.9029614862047226,0.5065,132,394,0.693062678179701,1.69,0.193600969171217,"[[1. 1. 0. ... 1. 1. 1.]
 [0. 1. 1. ... 1. 1. 0.]
 [0. 1. 1. ... 1. 1. 0.]
 ...
 [1. 1. 1. ... 0. 1. 1.]
 [0. 0. 1. ... 1. 1. 1.]
 [0. 0. 0. ... 1. 1. 1.]]"
48,[0.1 1.  0.1 0.  0.  0.  0.  0.  0.  0.  0.  0.  0. ],-1.836885596854333,0.6649,108,6326,0.6377317119924177,1087.6804,1.5721469648881934e-238,"[[1. 1. 0. ... 1. 1. 1.]
 [1. 0. 0. ... 1. 1. 1.]
 [0. 1. 0. ... 0. 1. 1.]
 ...
 [0. 0. 0. ... 0. 0. 1.]
 [1. 0. 0. ... 0. 1. 0.]
 [1. 0. 0. ... 0. 1. 0.]]"
49,[0.1 1.  0.1 0.1 0.  0.  0.  0.  0.  0.  0.  0.  0. ],-1.8567430974877932,0.6275,101,5861,0.6602728288381041,650.25,1.9712473037928224e-143,"[[1. 0. 0. ... 0. 0. 1.]
 [1. 0. 0. ... 0. 0. 1.]
 [0. 1. 0. ... 0. 0. 1.]
 ...
 [0. 0. 0. ... 0. 0. 0.]
 [1. 0. 0. ... 0. 0. 0.]
 [1. 0. 0. ... 1. 1. 1.]]"
50,[0.1 1.  0.1 1.  0.  0.  0.  0.  0.  0.  0.  0.  0. ],-1.9113562959535437,0.4788,243,192,0.6922480310376653,17.9776,2.2351978664241098e-05,"[[1. 1. 1. ... 0. 0. 1.]
 [1. 1. 1. ... 1. 0. 1.]
 [0. 0. 0. ... 0. 0. 1.]
 ...
 [1. 0. 0. ... 1. 0. 0.]
 [1. 0. 0. ... 0. 0. 0.]
 [1. 1. 0. ... 1. 1. 1.]]"
51,[0.1 1.  1.  0.  0.  0.  0.  0.  0.  0.  0.  0.  0. ],-1.905144456717358,0.481,1179,1231,0.6924250066981698,14.44,0.00014469608785024014,"[[0. 0. 1. ... 1. 1. 1.]
 [0. 1. 1. ... 0. 1. 1.]
 [0. 1. 1. ... 0. 1. 1.]
 ...
 [1. 1. 0. ... 1. 0. 0.]
 [1. 1. 0. ... 1. 0. 0.]
 [1. 1. 1. ... 1. 0. 0.]]"
52,[0.1 1.  1.  0.1 0.  0.  0.  0.  0.  0.  0.  0.  0. ],-1.9210788622674877,0.4238,4409,311,0.681488924666427,232.2576,1.918703616221161e-52,"[[1. 1. 1. ... 0. 0. 0.]
 [0. 0. 0. ... 0. 0. 0.]
 [0. 0. 0. ... 1. 1. 1.]
 ...
 [1. 1. 1. ... 1. 0. 0.]
 [0. 0. 1. ... 0. 0. 1.]
 [0. 0. 1. ... 1. 1. 1.]]"
53,[0.1 1.  1.  1.  0.  0.  0.  0.  0.  0.  0.  0.  0. ],-1.9602228413404943,0.2476,7325,129,0.5596830821734909,2548.2304,0.0,"[[1. 0. 0. ... 1. 1. 1.]
 [0. 0. 0. ... 1. 1. 1.]
 [1. 1. 1. ... 1. 1. 1.]
 ...
 [0. 0. 1. ... 1. 1. 1.]
 [0. 0. 1. ... 1. 1. 1.]
 [1. 0. 1. ... 1. 1. 1.]]"
54,[1. 0. 0. 0. 0. 0. 0. 0. 0. 0. 0. 0. 0.],-1.9995948141039404,0.0024,9975,24,0.01687460539313894,9904.2304,0.0,"[[1. 1. 1. ... 1. 1. 1.]
 [1. 1. 1. ... 1. 1. 1.]
 [1. 1. 1. ... 1. 1. 1.]
 ...
 [1. 1. 1. ... 1. 1. 1.]
 [1. 1. 1. ... 1. 1. 1.]
 [1. 1. 1. ... 1. 1. 1.]]"
55,[1.  0.  0.  0.1 0.  0.  0.  0.  0.  0.  0.  0.  0. ],-1.9995948141039404,0.0024,9975,24,0.01687460539313894,9904.2304,0.0,"[[1. 1. 1. ... 1. 1. 1.]
 [1. 1. 1. ... 1. 1. 1.]
 [1. 1. 1. ... 1. 1. 1.]
 ...
 [1. 1. 1. ... 1. 1. 1.]
 [1. 1. 1. ... 1. 1. 1.]
 [1. 1. 1. ... 1. 1. 1.]]"
56,[1. 0. 0. 1. 0. 0. 0. 0. 0. 0. 0. 0. 0.],-1.9995948141039404,0.0024,9975,24,0.01687460539313894,9904.2304,0.0,"[[1. 1. 1. ... 1. 1. 1.]
 [1. 1. 1. ... 1. 1. 1.]
 [1. 1. 1. ... 1. 1. 1.]
 ...
 [1. 1. 1. ... 1. 1. 1.]
 [1. 1. 1. ... 1. 1. 1.]
 [1. 1. 1. ... 1. 1. 1.]]"
57,[1.  0.  0.1 0.  0.  0.  0.  0.  0.  0.  0.  0.  0. ],-1.9995948141039404,0.0024,9975,24,0.01687460539313894,9904.2304,0.0,"[[1. 1. 1. ... 1. 1. 1.]
 [1. 1. 1. ... 1. 1. 1.]
 [1. 1. 1. ... 1. 1. 1.]
 ...
 [1. 1. 1. ... 1. 1. 1.]
 [1. 1. 1. ... 1. 1. 1.]
 [1. 1. 1. ... 1. 1. 1.]]"
58,[1.  0.  0.1 0.1 0.  0.  0.  0.  0.  0.  0.  0.  0. ],-1.9995948141039404,0.0024,9975,24,0.01687460539313894,9904.2304,0.0,"[[1. 1. 1. ... 1. 1. 1.]
 [1. 1. 1. ... 1. 1. 1.]
 [1. 1. 1. ... 1. 1. 1.]
 ...
 [1. 1. 1. ... 1. 1. 1.]
 [1. 1. 1. ... 1. 1. 1.]
 [1. 1. 1. ... 1. 1. 1.]]"
59,[1.  0.  0.1 1.  0.  0.  0.  0.  0.  0.  0.  0.  0. ],-1.9995948141039404,0.0024,9975,24,0.01687460539313894,9904.2304,0.0,"[[1. 1. 1. ... 1. 1. 1.]
 [1. 1. 1. ... 1. 1. 1.]
 [1. 1. 1. ... 1. 1. 1.]
 ...
 [1. 1. 1. ... 1. 1. 1.]
 [1. 1. 1. ... 1. 1. 1.]
 [1. 1. 1. ... 1. 1. 1.]]"
60,[1. 0. 1. 0. 0. 0. 0. 0. 0. 0. 0. 0. 0.],-1.9995948141039404,0.0024,9975,24,0.01687460539313894,9904.2304,0.0,"[[1. 1. 1. ... 1. 1. 1.]
 [1. 1. 1. ... 1. 1. 1.]
 [1. 1. 1. ... 1. 1. 1.]
 ...
 [1. 1. 1. ... 1. 1. 1.]
 [1. 1. 1. ... 1. 1. 1.]
 [1. 1. 1. ... 1. 1. 1.]]"
61,[1.  0.  1.  0.1 0.  0.  0.  0.  0.  0.  0.  0.  0. ],-1.9995948141039404,0.0024,9975,24,0.01687460539313894,9904.2304,0.0,"[[1. 1. 1. ... 1. 1. 1.]
 [1. 1. 1. ... 1. 1. 1.]
 [1. 1. 1. ... 1. 1. 1.]
 ...
 [1. 1. 1. ... 1. 1. 1.]
 [1. 1. 1. ... 1. 1. 1.]
 [1. 1. 1. ... 1. 1. 1.]]"
62,[1. 0. 1. 1. 0. 0. 0. 0. 0. 0. 0. 0. 0.],-1.9995948141039404,0.0024,9975,24,0.01687460539313894,9904.2304,0.0,"[[1. 1. 1. ... 1. 1. 1.]
 [1. 1. 1. ... 1. 1. 1.]
 [1. 1. 1. ... 1. 1. 1.]
 ...
 [1. 1. 1. ... 1. 1. 1.]
 [1. 1. 1. ... 1. 1. 1.]
 [1. 1. 1. ... 1. 1. 1.]]"
63,[1.  0.1 0.  0.  0.  0.  0.  0.  0.  0.  0.  0.  0. ],-1.9996198665961074,0.0022,9977,22,0.015660033644337906,9912.1936,0.0,"[[1. 1. 1. ... 1. 1. 1.]
 [1. 1. 1. ... 1. 1. 1.]
 [1. 1. 1. ... 1. 1. 1.]
 ...
 [1. 1. 1. ... 1. 1. 1.]
 [1. 1. 1. ... 1. 1. 1.]
 [1. 1. 1. ... 1. 1. 1.]]"
64,[1.  0.1 0.  0.1 0.  0.  0.  0.  0.  0.  0.  0.  0. ],-1.99960734097778,0.0023,9976,23,0.01626949912873958,9908.2116,0.0,"[[1. 1. 1. ... 1. 1. 1.]
 [1. 1. 1. ... 1. 1. 1.]
 [1. 1. 1. ... 1. 1. 1.]
 ...
 [1. 1. 1. ... 1. 1. 1.]
 [1. 1. 1. ... 1. 1. 1.]
 [1. 1. 1. ... 1. 1. 1.]]"
65,[1.  0.1 0.  1.  0.  0.  0.  0.  0.  0.  0.  0.  0. ],-1.9996198665961074,0.0022,9977,22,0.015660033644337906,9912.1936,0.0,"[[1. 1. 1. ... 1. 1. 1.]
 [1. 1. 1. ... 1. 1. 1.]
 [1. 1. 1. ... 1. 1. 1.]
 ...
 [1. 1. 1. ... 1. 1. 1.]
 [1. 1. 1. ... 1. 1. 1.]
 [1. 1. 1. ... 1. 1. 1.]]"
66,[1.  0.1 0.1 0.  0.  0.  0.  0.  0.  0.  0.  0.  0. ],-1.999654842903555,0.0022,9977,22,0.015660033644337906,9912.1936,0.0,"[[1. 1. 1. ... 1. 1. 1.]
 [1. 1. 1. ... 1. 1. 1.]
 [1. 1. 1. ... 1. 1. 1.]
 ...
 [1. 1. 1. ... 1. 1. 1.]
 [1. 1. 1. ... 1. 1. 1.]
 [1. 1. 1. ... 1. 1. 1.]]"
67,[1.  0.1 0.1 0.1 0.  0.  0.  0.  0.  0.  0.  0.  0. ],-1.9996198665961074,0.0022,9976,22,0.015660033644337906,9912.1936,0.0,"[[1. 1. 1. ... 1. 1. 1.]
 [1. 1. 1. ... 1. 1. 1.]
 [1. 1. 1. ... 1. 1. 1.]
 ...
 [1. 1. 1. ... 1. 1. 1.]
 [1. 1. 1. ... 1. 1. 1.]
 [1. 1. 1. ... 1. 1. 1.]]"
68,[1.  0.1 0.1 1.  0.  0.  0.  0.  0.  0.  0.  0.  0. ],-1.9997023295751468,0.0021,9977,21,0.015046011116808068,9916.1764,0.0,"[[1. 1. 1. ... 1. 1. 1.]
 [1. 1. 1. ... 1. 1. 1.]
 [1. 1. 1. ... 1. 1. 1.]
 ...
 [1. 1. 1. ... 1. 1. 1.]
 [1. 1. 1. ... 1. 1. 1.]
 [1. 1. 1. ... 1. 1. 1.]]"
69,[1.  0.1 1.  0.  0.  0.  0.  0.  0.  0.  0.  0.  0. ],-1.9997372778959506,0.0021,9977,21,0.015046011116808068,9916.1764,0.0,"[[1. 1. 1. ... 1. 1. 1.]
 [1. 1. 1. ... 1. 1. 1.]
 [1. 1. 1. ... 1. 1. 1.]
 ...
 [1. 1. 1. ... 1. 1. 1.]
 [1. 1. 1. ... 1. 1. 1.]
 [1. 1. 1. ... 1. 1. 1.]]"
70,[1.  0.1 1.  0.1 0.  0.  0.  0.  0.  0.  0.  0.  0. ],-1.9996423172852276,0.0023,9976,23,0.01626949912873958,9908.2116,0.0,"[[1. 1. 1. ... 1. 1. 1.]
 [1. 1. 1. ... 1. 1. 1.]
 [1. 1. 1. ... 1. 1. 1.]
 ...
 [1. 1. 1. ... 1. 1. 1.]
 [1. 1. 1. ... 1. 1. 1.]
 [1. 1. 1. ... 1. 1. 1.]]"
71,[1.  0.1 1.  1.  0.  0.  0.  0.  0.  0.  0.  0.  0. ],-1.9996673672666216,0.0021,9978,21,0.015046011116808068,9916.1764,0.0,"[[1. 1. 1. ... 1. 1. 1.]
 [1. 1. 1. ... 1. 1. 1.]
 [1. 1. 1. ... 1. 1. 1.]
 ...
 [1. 1. 1. ... 1. 1. 1.]
 [1. 1. 1. ... 1. 1. 1.]
 [1. 1. 1. ... 1. 1. 1.]]"
72,[1. 1. 0. 0. 0. 0. 0. 0. 0. 0. 0. 0. 0.],-2.0,0.0,10000,0,0.0,10000.0,0.0,"[[1. 1. 1. ... 1. 1. 1.]
 [1. 1. 1. ... 1. 1. 1.]
 [1. 1. 1. ... 1. 1. 1.]
 ...
 [1. 1. 1. ... 1. 1. 1.]
 [1. 1. 1. ... 1. 1. 1.]
 [1. 1. 1. ... 1. 1. 1.]]"
73,[1.  1.  0.  0.1 0.  0.  0.  0.  0.  0.  0.  0.  0. ],-2.0,0.0,10000,0,0.0,10000.0,0.0,"[[1. 1. 1. ... 1. 1. 1.]
 [1. 1. 1. ... 1. 1. 1.]
 [1. 1. 1. ... 1. 1. 1.]
 ...
 [1. 1. 1. ... 1. 1. 1.]
 [1. 1. 1. ... 1. 1. 1.]
 [1. 1. 1. ... 1. 1. 1.]]"
74,[1. 1. 0. 1. 0. 0. 0. 0. 0. 0. 0. 0. 0.],-2.0,0.0,10000,0,0.0,10000.0,0.0,"[[1. 1. 1. ... 1. 1. 1.]
 [1. 1. 1. ... 1. 1. 1.]
 [1. 1. 1. ... 1. 1. 1.]
 ...
 [1. 1. 1. ... 1. 1. 1.]
 [1. 1. 1. ... 1. 1. 1.]
 [1. 1. 1. ... 1. 1. 1.]]"
75,[1.  1.  0.1 0.  0.  0.  0.  0.  0.  0.  0.  0.  0. ],-2.0,0.0,10000,0,0.0,10000.0,0.0,"[[1. 1. 1. ... 1. 1. 1.]
 [1. 1. 1. ... 1. 1. 1.]
 [1. 1. 1. ... 1. 1. 1.]
 ...
 [1. 1. 1. ... 1. 1. 1.]
 [1. 1. 1. ... 1. 1. 1.]
 [1. 1. 1. ... 1. 1. 1.]]"
76,[1.  1.  0.1 0.1 0.  0.  0.  0.  0.  0.  0.  0.  0. ],-2.0,0.0,10000,0,0.0,10000.0,0.0,"[[1. 1. 1. ... 1. 1. 1.]
 [1. 1. 1. ... 1. 1. 1.]
 [1. 1. 1. ... 1. 1. 1.]
 ...
 [1. 1. 1. ... 1. 1. 1.]
 [1. 1. 1. ... 1. 1. 1.]
 [1. 1. 1. ... 1. 1. 1.]]"
77,[1.  1.  0.1 1.  0.  0.  0.  0.  0.  0.  0.  0.  0. ],-2.0,0.0,10000,0,0.0,10000.0,0.0,"[[1. 1. 1. ... 1. 1. 1.]
 [1. 1. 1. ... 1. 1. 1.]
 [1. 1. 1. ... 1. 1. 1.]
 ...
 [1. 1. 1. ... 1. 1. 1.]
 [1. 1. 1. ... 1. 1. 1.]
 [1. 1. 1. ... 1. 1. 1.]]"
78,[1. 1. 1. 0. 0. 0. 0. 0. 0. 0. 0. 0. 0.],-2.0,0.0,10000,0,0.0,10000.0,0.0,"[[1. 1. 1. ... 1. 1. 1.]
 [1. 1. 1. ... 1. 1. 1.]
 [1. 1. 1. ... 1. 1. 1.]
 ...
 [1. 1. 1. ... 1. 1. 1.]
 [1. 1. 1. ... 1. 1. 1.]
 [1. 1. 1. ... 1. 1. 1.]]"
79,[1.  1.  1.  0.1 0.  0.  0.  0.  0.  0.  0.  0.  0. ],-2.0,0.0,10000,0,0.0,10000.0,0.0,"[[1. 1. 1. ... 1. 1. 1.]
 [1. 1. 1. ... 1. 1. 1.]
 [1. 1. 1. ... 1. 1. 1.]
 ...
 [1. 1. 1. ... 1. 1. 1.]
 [1. 1. 1. ... 1. 1. 1.]
 [1. 1. 1. ... 1. 1. 1.]]"
80,[1. 1. 1. 1. 0. 0. 0. 0. 0. 0. 0. 0. 0.],-2.0,0.0,10000,0,0.0,10000.0,0.0,"[[1. 1. 1. ... 1. 1. 1.]
 [1. 1. 1. ... 1. 1. 1.]
 [1. 1. 1. ... 1. 1. 1.]
 ...
 [1. 1. 1. ... 1. 1. 1.]
 [1. 1. 1. ... 1. 1. 1.]
 [1. 1. 1. ... 1. 1. 1.]]"
